su-shzan@rocketmail.com,su-shzan,patt,+60122213056,Sentul,51100
codename29@hotmail.com,Yeo,Sing Ho,016-6012585,Subang Jaya,47500
jed@directhere.com,Jed,David,0379560900,Petaling Jaya,46200
afaaezah@yahoo.com,Faaezah,Abdul Samad,012-6326348,Batu Caves,68100
amirhamzahjaafar@gmail.com,Amir Hamzah,Jaafar,0124008687,Shah Alam,42450
drsaravana5@yahoo.com,saravana,kumar,03-32503323,KAPAR,42200
roslina711@hotmail.com,Roslina,Abdul Rahman,03-79833955,Off Jalan Kuchai Lama,58200
sbgan.lim@gmail.com,Soh Bee,Gan,0124858868,SUNGAI PETANI,08000
